"Origin_Name","Origin_Code"
"Afghanistan","AFG"
"Albania","ALB"
"Algeria","DZA"
"American Samoa","ASM"
"Andorra","AND"
"Angola","AGO"
"Anguilla","AIA"
"Antigua and Barbuda","ATG"
"Argentina","ARG"
"Armenia","ARM"
"Aruba","ABW"
"Australia","AUS"
"Austria","AUT"
"Azerbaijan","AZE"
"Bahamas, The","BHS"
"Bahrain","BHR"
"Bangladesh","BGD"
"Barbados","BRB"
"Belarus","BLR"
"Belgium","BEL"
"Belize","BLZ"
"Benin","BEN"
"Bermuda","BMU"
"Bhutan","BTN"
"Bolivia","BOL"
"Bosnia and Herzegovina","BIH"
"Botswana","BWA"
"Brazil","BRA"
"Brunei Darussalam","BRN"
"Bulgaria","BGR"
"Burkina Faso","BFA"
"Burundi","BDI"
"Cambodia","KHM"
"Cameroon","CMR"
"Canada","CAN"
"Cape Verde","CPV"
"Cayman Islands","CYM"
"Central African Republic","CAF"
"Chad","TCD"
"Chile","CHL"
"China","CHN"
"Colombia","COL"
"Comoros","COM"
"Congo, Dem. Rep.","COD"
"Congo, Rep.","COG"
"Cook Islands","COK"
"Costa Rica","CRI"
"Cote d'Ivoire","CIV"
"Croatia","HRV"
"Cuba","CUB"
"Cyprus","CYP"
"Czech Republic","CZE"
"Denmark","DNK"
"Djibouti","DJI"
"Dominica","DMA"
"Dominican Republic","DOM"
"Ecuador","ECU"
"Egypt, Arab Rep.","EGY"
"El Salvador","SLV"
"Equatorial Guinea","GNQ"
"Eritrea","ERI"
"Estonia","EST"
"Ethiopia","ETH"
"Faeroe Islands","FRO"
"Falkland Islands (Malvinas)","FLK"
"Fiji","FJI"
"Finland","FIN"
"France","FRA"
"French Guiana","GUF"
"French Polynesia","PYF"
"Gabon","GAB"
"Gambia, The","GMB"
"Georgia","GEO"
"Germany","DEU"
"Ghana","GHA"
"Gibraltar","GIB"
"Greece","GRC"
"Greenland","GRL"
"Grenada","GRD"
"Guadeloupe","GLP"
"Guam","GUM"
"Guatemala","GTM"
"Guinea","GIN"
"Guinea-Bissau","GNB"
"Guyana","GUY"
"Haiti","HTI"
"Honduras","HND"
"Hong Kong SAR, China","HKG"
"Hungary","HUN"
"Iceland","ISL"
"India","IND"
"Indonesia","IDN"
"Iran, Islamic Rep.","IRN"
"Iraq","IRQ"
"Ireland","IRL"
"Israel","ISR"
"Italy","ITA"
"Jamaica","JAM"
"Japan","JPN"
"Jordan","JOR"
"Kazakhstan","KAZ"
"Kenya","KEN"
"Kiribati","KIR"
"Korea, Dem. Rep.","PRK"
"Korea, Rep.","KOR"
"Kuwait","KWT"
"Kyrgyz Republic","KGZ"
"Lao PDR","LAO"
"Latvia","LVA"
"Lebanon","LBN"
"Lesotho","LSO"
"Liberia","LBR"
"Libya","LBY"
"Liechtenstein","LIE"
"Lithuania","LTU"
"Luxembourg","LUX"
"Macao SAR, China","MAC"
"Macedonia, FYR","MKD"
"Madagascar","MDG"
"Malawi","MWI"
"Malaysia","MYS"
"Maldives","MDV"
"Mali","MLI"
"Malta","MLT"
"Marshall Islands","MHL"
"Martinique","MTQ"
"Mauritania","MRT"
"Mauritius","MUS"
"Mayotte","MYT"
"Mexico","MEX"
"Micronesia, Fed. Sts.","FSM"
"Moldova","MDA"
"Monaco","MCO"
"Mongolia","MNG"
"Montserrat","MSR"
"Morocco","MAR"
"Mozambique","MOZ"
"Myanmar","MMR"
"Namibia","NAM"
"Naura","NRU"
"Nepal","NPL"
"Netherlands","NLD"
"Netherlands Antilles","ANT"
"New Caledonia","NCL"
"New Zealand","NZL"
"Nicaragua","NIC"
"Niger","NER"
"Nigeria","NGA"
"Niue","NIU"
"Norfolk Island","NFK"
"Northern Mariana Islands","MNP"
"Norway","NOR"
"Oman","OMN"
"Pakistan","PAK"
"Palau","PLW"
"Panama","PAN"
"Papua New Guinea","PNG"
"Paraguay","PRY"
"Peru","PER"
"Philippines","PHL"
"Poland","POL"
"Portugal","PRT"
"Puerto Rico","PRI"
"Qatar","QAT"
"Reunion","REU"
"Romania","ROU"
"Russian Federation","RUS"
"Rwanda","RWA"
"Saint Helena","SHN"
"Saint Pierre and Miquelon","SPM"
"Samoa","WSM"
"San Marino","SMR"
"Sao Tome and Principe","STP"
"Saudi Arabia","SAU"
"Senegal","SEN"
"Serbia and Montenegro","SCG"
"Seychelles","SYC"
"Sierra Leone","SLE"
"Singapore","SGP"
"Slovak Republic","SVK"
"Slovenia","SVN"
"Solomon Islands","SLB"
"Somalia","SOM"
"South Africa","ZAF"
"Spain","ESP"
"Sri Lanka","LKA"
"St. Kitts and Nevis","KNA"
"St. Lucia","LCA"
"St. Vincent and the Grenadines","VCT"
"Sudan","SDN"
"Suriname","SUR"
"Swaziland","SWZ"
"Sweden","SWE"
"Switzerland","CHE"
"Syrian Arab Republic","SYR"
"Taiwan, China","TWN"
"Tajikistan","TJK"
"Tanzania","TZA"
"Thailand","THA"
"Timor-Leste","TLS"
"Togo","TGO"
"Tokelau","TKL"
"Tonga","TON"
"Trinidad and Tobago","TTO"
"Tunisia","TUN"
"Turkey","TUR"
"Turkmenistan","TKM"
"Turks and Caicos Islands","TCA"
"Tuvalu","TUV"
"Uganda","UGA"
"Ukraine","UKR"
"United Arab Emirates","ARE"
"United Kingdom","GBR"
"United States","USA"
"Uruguay","URY"
"Uzbekistan","UZB"
"Vanuatu","VUT"
"Venezuela, RB","VEN"
"Vietnam","VNM"
"Virgin Islands (U.S.)","VIR"
"Virgin Islands, British","VGB"
"Wallis and Futuna","WLF"
"West Bank and Gaza","PSE"
"Yemen, Rep.","YEM"
"Zambia","ZMB"
"Zimbabwe","ZWE"
