"Country_Name","Country_Code","Year","Female","Male","Total"
"Afghanistan","AFG","1960",4346990,4649361,8996351
"Afghanistan","AFG","1970",5451441,5674682,11126123
"Afghanistan","AFG","1980",6511413,6736957,13248370
"Afghanistan","AFG","1990",5981147,6267967,12249114
"Afghanistan","AFG","2000",9746770,10346986,20093756
"Albania","ALB","1960",780595,828205,1608800
"Albania","ALB","1970",1035954,1099525,2135479
"Albania","ALB","1980",1297791,1374206,2671997
"Albania","ALB","1990",1603298,1683244,3286542
"Albania","ALB","2000",1528046,1560981,3089027
"Algeria","DZA","1960",5527051,5597837,11124888
"Algeria","DZA","1970",7235409,7314625,14550034
"Algeria","DZA","1980",9592486,9745229,19337715
"Algeria","DZA","1990",12795123,13117244,25912367
"Algeria","DZA","2000",15380507,15803153,31183660
"American Samoa","ASM","1960",NA,NA,20013
"American Samoa","ASM","1970",NA,NA,27292
"American Samoa","ASM","1980",NA,NA,32457
"American Samoa","ASM","1990",NA,NA,47038
"American Samoa","ASM","2000",NA,NA,57521
"Andorra","AND","1960",NA,NA,13411
"Andorra","AND","1970",NA,NA,24276
"Andorra","AND","1980",NA,NA,36067
"Andorra","AND","1990",NA,NA,54509
"Andorra","AND","2000",NA,NA,65390
"Angola","AGO","1960",2900597,2742585,5643182
"Angola","AGO","1970",3475917,3300464,6776381
"Angola","AGO","1980",4566089,4363811,8929900
"Angola","AGO","1990",6220388,5951053,12171441
"Angola","AGO","2000",8407379,8033545,16440924
"Antigua and Barbuda","ATG","1960",29273,26066,55339
"Antigua and Barbuda","ATG","1970",35041,32057,67098
"Antigua and Barbuda","ATG","1980",37606,35836,73442
"Antigua and Barbuda","ATG","1990",34446,32250,66696
"Antigua and Barbuda","ATG","2000",44195,39389,83584
"Argentina","ARG","1960",10148066,10471009,20619075
"Argentina","ARG","1970",11951008,12022050,23973058
"Argentina","ARG","1980",14245108,13860780,28105888
"Argentina","ARG","1990",16682535,16047204,32729739
"Argentina","ARG","2000",18926129,18131323,37057452
"Armenia","ARM","1960",971118,903002,1874120
"Armenia","ARM","1970",1292908,1232157,2525065
"Armenia","ARM","1980",1590545,1509206,3099751
"Armenia","ARM","1990",1823350,1714815,3538165
"Armenia","ARM","2000",1628670,1440918,3069588
"Aruba","ABW","1960",27637,26574,54211
"Aruba","ABW","1970",30178,28885,59063
"Aruba","ABW","1980",30805,29291,60096
"Aruba","ABW","1990",31491,30658,62149
"Aruba","ABW","2000",47012,43841,90853
"Australia","AUS","1960",5085024,5191453,10276477
"Australia","AUS","1970",6219473,6287527,12507000
"Australia","AUS","1980",7358464,7333536,14692000
"Australia","AUS","1990",8555626,8509474,17065100
"Australia","AUS","2000",9597994,9555006,19153000
"Austria","AUT","1960",3764742,3282797,7047539
"Austria","AUT","1970",3959731,3507355,7467086
"Austria","AUT","1980",3977201,3572232,7549433
"Austria","AUT","1990",4005232,3672618,7677850
"Austria","AUT","2000",4123171,3888395,8011566
"Azerbaijan","AZE","1960",2032178,1863218,3895396
"Azerbaijan","AZE","1970",2660114,2519911,5180025
"Azerbaijan","AZE","1980",3134440,3016298,6150738
"Azerbaijan","AZE","1990",3658511,3500489,7159000
"Azerbaijan","AZE","2000",4113396,3935204,8048600
"Bahamas, The","BHS","1960",57143,52385,109528
"Bahamas, The","BHS","1970",85467,83887,169354
"Bahamas, The","BHS","1980",106079,104582,210661
"Bahamas, The","BHS","1990",129174,127162,256336
"Bahamas, The","BHS","2000",152793,145097,297890
"Bahrain","BHR","1960",75466,86961,162427
"Bahrain","BHR","1970",97683,114922,212605
"Bahrain","BHR","1980",149533,210355,359888
"Bahrain","BHR","1990",209761,286170,495931
"Bahrain","BHR","2000",283388,381226,664614
"Bangladesh","BGD","1960",23287874,24911873,48199747
"Bangladesh","BGD","1970",31703380,33344390,65047770
"Bangladesh","BGD","1980",39922137,41548723,81470860
"Bangladesh","BGD","1990",51917681,54270961,106188642
"Bangladesh","BGD","2000",64436550,67144693,131581243
"Barbados","BRB","1960",127478,103461,230939
"Barbados","BRB","1970",126597,112251,238848
"Barbados","BRB","1980",132545,119649,252194
"Barbados","BRB","1990",135055,125319,260374
"Barbados","BRB","2000",140210,129637,269847
"Belarus","BLR","1960",4491893,3706107,8198000
"Belarus","BLR","1970",4885284,4154716,9040000
"Belarus","BLR","1980",5158781,4484219,9643000
"Belarus","BLR","1990",5410634,4778366,10189000
"Belarus","BLR","2000",5295397,4684213,9979610
"Belgium","BEL","1960",4649965,4503524,9153489
"Belgium","BEL","1970",4922923,4732626,9655549
"Belgium","BEL","1980",5040981,4818261,9859242
"Belgium","BEL","1990",5090672,4876707,9967379
"Belgium","BEL","2000",5231510,5019740,10251250
"Belize","BLZ","1960",46603,45461,92064
"Belize","BLZ","1970",61499,60683,122182
"Belize","BLZ","1980",71425,72730,144155
"Belize","BLZ","1990",92981,94571,187552
"Belize","BLZ","2000",122796,124519,247315
"Benin","BEN","1960",1274969,1156653,2431622
"Benin","BEN","1970",1511843,1400497,2912340
"Benin","BEN","1980",1921979,1795186,3717165
"Benin","BEN","1990",2554953,2423543,4978496
"Benin","BEN","2000",3483091,3382860,6865951
"Bermuda","BMU","1960",NA,NA,44400
"Bermuda","BMU","1970",NA,NA,55000
"Bermuda","BMU","1980",NA,NA,54670
"Bermuda","BMU","1990",NA,NA,59326
"Bermuda","BMU","2000",NA,NA,61833
"Bhutan","BTN","1960",109475,113813,223288
"Bhutan","BTN","1970",147017,151284,298301
"Bhutan","BTN","1980",197586,211586,409172
"Bhutan","BTN","1990",261196,276084,537280
"Bhutan","BTN","2000",280702,292714,573416
"Bolivia","BOL","1960",1863811,1829638,3693449
"Bolivia","BOL","1970",2262281,2243497,4505778
"Bolivia","BOL","1980",2794808,2794767,5589575
"Bolivia","BOL","1990",3419203,3437041,6856244
"Bolivia","BOL","2000",4158052,4181460,8339512
"Bosnia and Herzegovina","BIH","1960",1643268,1582400,3225668
"Bosnia and Herzegovina","BIH","1970",1911607,1848920,3760527
"Bosnia and Herzegovina","BIH","1980",2112781,2067074,4179855
"Bosnia and Herzegovina","BIH","1990",2252932,2210490,4463422
"Bosnia and Herzegovina","BIH","2000",1917111,1849595,3766706
"Botswana","BWA","1960",274486,250066,524552
"Botswana","BWA","1970",363337,332260,695597
"Botswana","BWA","1980",513569,487589,1001158
"Botswana","BWA","1990",700141,677771,1377912
"Botswana","BWA","2000",876336,852004,1728340
"Brazil","BRA","1960",36255477,35952077,72207554
"Brazil","BRA","1970",47832240,47494553,95326793
"Brazil","BRA","1980",60916199,60243562,121159761
"Brazil","BRA","1990",75286361,74065784,149352145
"Brazil","BRA","2000",88664346,86623241,175287587
"British Virgin Islands","VGB","1960",NA,NA,8033
"British Virgin Islands","VGB","1970",NA,NA,9803
"British Virgin Islands","VGB","1980",NA,NA,11002
"British Virgin Islands","VGB","1990",NA,NA,16461
"British Virgin Islands","VGB","2000",NA,NA,20645
"Brunei Darussalam","BRN","1960",39563,42182,81745
"Brunei Darussalam","BRN","1970",62757,66826,129583
"Brunei Darussalam","BRN","1980",90827,103122,193949
"Brunei Darussalam","BRN","1990",122318,136467,258785
"Brunei Darussalam","BRN","2000",164490,168751,333241
"Bulgaria","BGR","1960",3939341,3928033,7867374
"Bulgaria","BGR","1970",4245836,4243738,8489574
"Bulgaria","BGR","1980",4447595,4413940,8861535
"Bulgaria","BGR","1990",4421546,4296743,8718289
"Bulgaria","BGR","2000",4188492,3981680,8170172
"Burkina Faso","BFA","1960",2371306,2457982,4829288
"Burkina Faso","BFA","1970",2824976,2799624,5624600
"Burkina Faso","BFA","1980",3477735,3345108,6822843
"Burkina Faso","BFA","1990",4505344,4305690,8811034
"Burkina Faso","BFA","2000",5906284,5701658,11607942
"Burundi","BDI","1960",1441218,1344888,2786106
"Burundi","BDI","1970",1776554,1679052,3455606
"Burundi","BDI","1980",2121047,1995770,4116817
"Burundi","BDI","1990",2771894,2643521,5415415
"Burundi","BDI","2000",3260004,3140702,6400706
"Cabo Verde","CPV","1960",107357,94953,202310
"Cabo Verde","CPV","1970",141464,128734,270198
"Cabo Verde","CPV","1980",153937,132720,286657
"Cabo Verde","CPV","1990",179637,162246,341883
"Cabo Verde","CPV","2000",225201,209878,435079
"Cambodia","KHM","1960",2866293,2856077,5722370
"Cambodia","KHM","1970",3514600,3480248,6994848
"Cambodia","KHM","1980",3543896,3148211,6692107
"Cambodia","KHM","1990",4639750,4333592,8973342
"Cambodia","KHM","2000",6246282,5906072,12152354
"Cameroon","CMR","1960",2631896,2544372,5176268
"Cameroon","CMR","1970",3306343,3221292,6527635
"Cameroon","CMR","1980",4351762,4266592,8618354
"Cameroon","CMR","1990",5897101,5818117,11715218
"Cameroon","CMR","2000",7660625,7613609,15274234
"Canada","CAN","1960",8851741,9057268,17909009
"Canada","CAN","1970",10632184,10691816,21324000
"Canada","CAN","1980",12344789,12248211,24593000
"Canada","CAN","1990",14009770,13781230,27791000
"Canada","CAN","2000",15527833,15241867,30769700
"Cayman Islands","CYM","1960",NA,NA,7865
"Cayman Islands","CYM","1970",NA,NA,9144
"Cayman Islands","CYM","1980",NA,NA,16162
"Cayman Islands","CYM","1990",NA,NA,25010
"Cayman Islands","CYM","2000",NA,NA,41687
"Central African Republic","CAF","1960",764143,739365,1503508
"Central African Republic","CAF","1970",930058,898651,1828709
"Central African Republic","CAF","1980",1159688,1120133,2279821
"Central African Republic","CAF","1990",1496005,1443775,2939780
"Central African Republic","CAF","2000",1907223,1847763,3754986
"Chad","TCD","1960",1534787,1466806,3001593
"Chad","TCD","1970",1858021,1785528,3643549
"Chad","TCD","1980",2285314,2226728,4512042
"Chad","TCD","1990",2999671,2957188,5956859
"Chad","TCD","2000",4187085,4155474,8342559
"Chile","CHL","1960",3919393,3797232,7716625
"Chile","CHL","1970",4860717,4703148,9563865
"Chile","CHL","1980",5719983,5546243,11266226
"Chile","CHL","1990",6709675,6532457,13242132
"Chile","CHL","2000",7716709,7546045,15262754
"China","CHN","1960",323230499,343839501,667070000
"China","CHN","1970",398313166,420001834,818315000
"China","CHN","1980",477657569,503577431,981235000
"China","CHN","1990",552714879,582470121,1135185000
"China","CHN","2000",614199718,648445282,1262645000
"Colombia","COL","1960",8294041,8186342,16480383
"Colombia","COL","1970",11081806,10979409,22061215
"Colombia","COL","1980",13926924,13810976,27737900
"Colombia","COL","1990",17250802,17020763,34271565
"Colombia","COL","2000",20423033,19980925,40403958
"Comoros","COM","1960",96045,95076,191121
"Comoros","COM","1970",115374,114680,230054
"Comoros","COM","1980",154060,153769,307829
"Comoros","COM","1990",205210,206384,411594
"Comoros","COM","2000",269505,272852,542357
"Congo, Dem. Rep.","COD","1960",7964764,7283487,15248251
"Congo, Dem. Rep.","COD","1970",10311897,9698038,20009935
"Congo, Dem. Rep.","COD","1980",13448004,12909458,26357462
"Congo, Dem. Rep.","COD","1990",17534177,17080404,34614581
"Congo, Dem. Rep.","COD","2000",23731839,23344548,47076387
"Congo, Rep.","COG","1960",522585,514635,1037220
"Congo, Rep.","COG","1970",686398,678414,1364812
"Congo, Rep.","COG","1980",923432,916503,1839935
"Congo, Rep.","COG","1990",1223359,1217098,2440457
"Congo, Rep.","COG","2000",1615149,1610578,3225727
"Costa Rica","CRI","1960",655110,677930,1333040
"Costa Rica","CRI","1970",910713,938153,1848866
"Costa Rica","CRI","1980",1180926,1208384,2389310
"Costa Rica","CRI","1990",1535525,1560470,3095995
"Costa Rica","CRI","2000",1955051,1970392,3925443
"Cote d'Ivoire","CIV","1960",1741653,1817335,3558988
"Cote d'Ivoire","CIV","1970",2536402,2705993,5242395
"Cote d'Ivoire","CIV","1980",3972583,4321092,8293675
"Cote d'Ivoire","CIV","1990",5898269,6369485,12267754
"Cote d'Ivoire","CIV","2000",8076629,8609932,16686561
"Croatia","HRV","1960",2151882,1988118,4140000
"Croatia","HRV","1970",2276579,2134421,4411000
"Croatia","HRV","1980",2365716,2222284,4588000
"Croatia","HRV","1990",2462427,2317573,4780000
"Croatia","HRV","2000",2295252,2130748,4426000
"Cuba","CUB","1960",3492766,3648369,7141135
"Cuba","CUB","1970",4284036,4431087,8715123
"Cuba","CUB","1980",4858110,4977067,9835177
"Cuba","CUB","1990",5250511,5331570,10582081
"Cuba","CUB","2000",5556419,5594317,11150736
"Cyprus","CYP","1960",291265,281665,572930
"Cyprus","CYP","1970",310389,303232,613621
"Cyprus","CYP","1980",340278,345128,685406
"Cyprus","CYP","1990",377988,388626,766614
"Cyprus","CYP","2000",467862,475424,943286
"Czech Republic","CZE","1960",4932704,4669302,9602006
"Czech Republic","CZE","1970",5087672,4770399,9858071
"Czech Republic","CZE","1980",5308089,4996104,10304193
"Czech Republic","CZE","1990",5317186,5016169,10333355
"Czech Republic","CZE","2000",5266297,4988766,10255063
"Denmark","DNK","1960",2307409,2272194,4579603
"Denmark","DNK","1970",2481117,2447640,4928757
"Denmark","DNK","1980",2592761,2530266,5123027
"Denmark","DNK","1990",2605214,2535725,5140939
"Denmark","DNK","2000",2697501,2642115,5339616
"Djibouti","DJI","1960",42062,41574,83636
"Djibouti","DJI","1970",80170,79489,159659
"Djibouti","DJI","1980",177872,181088,358960
"Djibouti","DJI","1990",293436,296962,590398
"Djibouti","DJI","2000",356821,360763,717584
"Dominica","DMA","1960",NA,NA,60011
"Dominica","DMA","1970",NA,NA,71073
"Dominica","DMA","1980",NA,NA,75314
"Dominica","DMA","1990",NA,NA,70926
"Dominica","DMA","2000",NA,NA,69676
"Dominican Republic","DOM","1960",1626212,1667830,3294042
"Dominican Republic","DOM","1970",2228657,2274457,4503114
"Dominican Republic","DOM","1980",2881098,2928171,5809269
"Dominican Republic","DOM","1990",3569238,3614409,7183647
"Dominican Republic","DOM","2000",4271358,4291264,8562622
"Ecuador","ECU","1960",2273054,2272496,4545550
"Ecuador","ECU","1970",3024416,3048111,6072527
"Ecuador","ECU","1980",3966122,4010323,7976445
"Ecuador","ECU","1990",5083923,5134168,10218091
"Ecuador","ECU","2000",6297391,6331205,12628596
"Egypt, Arab Rep.","EGY","1960",13321995,13674538,26996533
"Egypt, Arab Rep.","EGY","1970",17296817,17749456,35046273
"Egypt, Arab Rep.","EGY","1980",21840225,22258917,44099142
"Egypt, Arab Rep.","EGY","1990",28589773,28822442,57412215
"Egypt, Arab Rep.","EGY","2000",34741729,35164259,69905988
"El Salvador","SLV","1960",1401150,1361749,2762899
"El Salvador","SLV","1970",1843661,1824934,3668595
"El Salvador","SLV","1980",2321734,2258970,4580704
"El Salvador","SLV","1990",2690089,2564895,5254984
"El Salvador","SLV","2000",3040179,2827447,5867626
"Equatorial Guinea","GNQ","1960",130244,125079,255323
"Equatorial Guinea","GNQ","1970",154407,152108,306515
"Equatorial Guinea","GNQ","1980",128970,126355,255325
"Equatorial Guinea","GNQ","1990",215314,211532,426846
"Equatorial Guinea","GNQ","2000",296261,318062,614323
"Eritrea","ERI","1960",703042,694449,1397491
"Eritrea","ERI","1970",908760,903118,1811878
"Eritrea","ERI","1980",1194887,1190653,2385540
"Eritrea","ERI","1990",1556459,1556852,3113311
"Eritrea","ERI","2000",1696516,1696285,3392801
"Estonia","EST","1960",676686,534851,1211537
"Estonia","EST","1970",737883,622193,1360076
"Estonia","EST","1980",793395,683824,1477219
"Estonia","EST","1990",835376,733798,1569174
"Estonia","EST","2000",745418,651567,1396985
"Eswatini","SWZ","1960",180146,169028,349174
"Eswatini","SWZ","1970",234157,211572,445729
"Eswatini","SWZ","1980",316871,286501,603372
"Eswatini","SWZ","1990",455612,405761,861373
"Eswatini","SWZ","2000",550650,510818,1061468
"Ethiopia","ETH","1960",11140491,11010787,22151278
"Ethiopia","ETH","1970",14276227,14138850,28415077
"Ethiopia","ETH","1980",17710325,17554573,35264898
"Ethiopia","ETH","1990",24105411,23981105,48086516
"Ethiopia","ETH","2000",33360672,33176659,66537331
"Faroe Islands","FRO","1960",NA,NA,34661
"Faroe Islands","FRO","1970",NA,NA,39083
"Faroe Islands","FRO","1980",NA,NA,43514
"Faroe Islands","FRO","1990",NA,NA,47594
"Faroe Islands","FRO","2000",NA,NA,47258
"Fiji","FJI","1960",190774,202612,393386
"Fiji","FJI","1970",255805,264724,520529
"Fiji","FJI","1980",313647,321608,635255
"Fiji","FJI","1990",358545,370083,728628
"Fiji","FJI","2000",399204,412019,811223
"Finland","FIN","1960",2296097,2133537,4429634
"Finland","FIN","1970",2381540,2224767,4606307
"Finland","FIN","1980",2468727,2310808,4779535
"Finland","FIN","1990",2566545,2419886,4986431
"Finland","FIN","2000",2649364,2526845,5176209
"France","FRA","1960",24044207,22770030,46814237
"France","FRA","1970",26463499,25571596,52035095
"France","FRA","1980",28061418,27279364,55340782
"France","FRA","1990",29781613,28731195,58512808
"France","FRA","2000",31049275,29863225,60912500
"French Polynesia","PYF","1960",37927,40149,78076
"French Polynesia","PYF","1970",53937,56558,110495
"French Polynesia","PYF","1980",72824,78884,151708
"French Polynesia","PYF","1990",95296,103079,198375
"French Polynesia","PYF","2000",115116,122142,237258
"Gabon","GAB","1960",255546,243638,499184
"Gabon","GAB","1970",307452,282666,590118
"Gabon","GAB","1980",375945,353214,729159
"Gabon","GAB","1990",485829,466383,952212
"Gabon","GAB","2000",620448,610674,1231122
"Gambia, The","GMB","1960",186939,180989,367928
"Gambia, The","GMB","1970",218407,228878,447285
"Gambia, The","GMB","1980",304670,299699,604369
"Gambia, The","GMB","1990",455234,461574,916808
"Gambia, The","GMB","2000",619905,611939,1231844
"Georgia","GEO","1960",1947169,1698431,3645600
"Georgia","GEO","1970",2180475,1939425,4119900
"Georgia","GEO","1980",2369381,2098319,4467700
"Georgia","GEO","1990",2519102,2282898,4802000
"Georgia","GEO","2000",2323800,2094500,4418300
"Germany","DEU","1960",38951020,33863880,72814900
"Germany","DEU","1970",41158943,37010346,78169289
"Germany","DEU","1980",40977371,37311205,78288576
"Germany","DEU","1990",41111976,38321053,79433029
"Germany","DEU","2000",42178635,40032873,82211508
"Ghana","GHA","1960",3272099,3380188,6652287
"Ghana","GHA","1970",4218575,4378408,8596983
"Ghana","GHA","1980",5312010,5490018,10802028
"Ghana","GHA","1990",7194713,7433547,14628260
"Ghana","GHA","2000",9373777,9564985,18938762
"Gibraltar","GIB","1960",NA,NA,23394
"Gibraltar","GIB","1970",NA,NA,28560
"Gibraltar","GIB","1980",NA,NA,30272
"Gibraltar","GIB","1990",NA,NA,29164
"Gibraltar","GIB","2000",NA,NA,31180
"Greece","GRC","1960",4247634,4084091,8331725
"Greece","GRC","1970",4469329,4323477,8792806
"Greece","GRC","1980",4869983,4772522,9642505
"Greece","GRC","1990",5140531,5056261,10196792
"Greece","GRC","2000",5433618,5372190,10805808
"Greenland","GRL","1960",NA,NA,32500
"Greenland","GRL","1970",NA,NA,46400
"Greenland","GRL","1980",NA,NA,50200
"Greenland","GRL","1990",NA,NA,55600
"Greenland","GRL","2000",NA,NA,56200
"Grenada","GRD","1960",48173,41696,89869
"Grenada","GRD","1970",49753,44673,94426
"Grenada","GRD","1980",46008,42997,89005
"Grenada","GRD","1990",48771,47512,96283
"Grenada","GRD","2000",51375,50244,101619
"Guam","GUM","1960",27694,39048,66742
"Guam","GUM","1970",37136,46741,83877
"Guam","GUM","1980",49838,54295,104133
"Guam","GUM","1990",60874,69608,130482
"Guam","GUM","2000",75899,79430,155329
"Guatemala","GTM","1960",2078828,2131919,4210747
"Guatemala","GTM","1970",2776736,2845056,5621792
"Guatemala","GTM","1980",3623984,3659475,7283459
"Guatemala","GTM","1990",4660633,4603180,9263813
"Guatemala","GTM","2000",5934006,5716737,11650743
"Guinea","GIN","1960",1807536,1769873,3577409
"Guinea","GIN","1970",2138553,2081217,4219770
"Guinea","GIN","1980",2287430,2224472,4511902
"Guinea","GIN","1990",3053661,2987433,6041094
"Guinea","GIN","2000",4422247,4386299,8808546
"Guinea-Bissau","GNB","1960",312197,304212,616409
"Guinea-Bissau","GNB","1970",360873,350954,711827
"Guinea-Bissau","GNB","1980",412065,388789,800854
"Guinea-Bissau","GNB","1990",518369,493911,1012280
"Guinea-Bissau","GNB","2000",634946,608283,1243229
"Guyana","GUY","1960",285362,286457,571819
"Guyana","GUY","1970",351103,353831,704934
"Guyana","GUY","1980",387441,392712,780153
"Guyana","GUY","1990",376576,366733,743309
"Guyana","GUY","2000",378786,374515,753301
"Haiti","HTI","1960",1968719,1897440,3866159
"Haiti","HTI","1970",2390936,2317706,4708642
"Haiti","HTI","1980",2891525,2797311,5688836
"Haiti","HTI","1990",3600134,3499598,7099732
"Haiti","HTI","2000",4327908,4221292,8549200
"Honduras","HND","1960",1015973,1022664,2038637
"Honduras","HND","1970",1362352,1354307,2716659
"Honduras","HND","1980",1850717,1827569,3678286
"Honduras","HND","1990",2494089,2461239,4955328
"Honduras","HND","2000",3280384,3243899,6524283
"Hong Kong SAR, China","HKG","1960",1494915,1580690,3075605
"Hong Kong SAR, China","HKG","1970",1940430,2018570,3959000
"Hong Kong SAR, China","HKG","1980",2421812,2641288,5063100
"Hong Kong SAR, China","HKG","1990",2808780,2895720,5704500
"Hong Kong SAR, China","HKG","2000",3389957,3275043,6665000
"Hungary","HUN","1960",5169965,4814002,9983967
"Hungary","HUN","1970",5327223,5010687,10337910
"Hungary","HUN","1980",5522377,5188745,10711122
"Hungary","HUN","1990",5391796,4982192,10373988
"Hungary","HUN","2000",5353114,4857857,10210971
"Iceland","ISL","1960",86862,88712,175574
"Iceland","ISL","1970",101075,103363,204438
"Iceland","ISL","1980",113134,115004,228138
"Iceland","ISL","1990",126878,127948,254826
"Iceland","ISL","2000",140483,140722,281205
"India","IND","1960",217551561,231929047,449480608
"India","IND","1970",266949800,286628713,553578513
"India","IND","1980",335911880,360871637,696783517
"India","IND","1990",419781672,450351808,870133480
"India","IND","2000",507537346,545513566,1053050912
"Indonesia","IDN","1960",44155725,43636790,87792515
"Indonesia","IDN","1970",57588563,57246217,114834780
"Indonesia","IDN","1980",73809583,73680782,147490365
"Indonesia","IDN","1990",90320801,91116020,181436821
"Indonesia","IDN","2000",105672082,105868347,211540429
"Iran, Islamic Rep.","IRN","1960",10664289,11242614,21906903
"Iran, Islamic Rep.","IRN","1970",13861537,14652473,28514010
"Iran, Islamic Rep.","IRN","1980",18742842,19925378,38668220
"Iran, Islamic Rep.","IRN","1990",27574577,28651608,56226185
"Iran, Islamic Rep.","IRN","2000",32600982,33530872,66131854
"Iraq","IRQ","1960",3623131,3666630,7289761
"Iraq","IRQ","1970",4873132,5044851,9917983
"Iraq","IRQ","1980",6680939,6972417,13653356
"Iraq","IRQ","1990",8654737,8814268,17469005
"Iraq","IRQ","2000",11675700,11889713,23565413
"Ireland","IRL","1960",1405831,1422769,2828600
"Ireland","IRL","1970",1472757,1484493,2957250
"Ireland","IRL","1980",1698555,1714245,3412800
"Ireland","IRL","1990",1764441,1749533,3513974
"Ireland","IRL","2000",1912608,1892566,3805174
"Israel","ISR","1960",1042102,1071918,2114020
"Israel","ISR","1970",1473958,1500042,2974000
"Israel","ISR","1980",1941964,1936036,3878000
"Israel","ISR","1990",2334317,2325683,4660000
"Israel","ISR","2000",3189814,3099186,6289000
"Italy","ITA","1960",25781724,24417976,50199700
"Italy","ITA","1970",27587663,26234187,53821850
"Italy","ITA","1980",28989671,27444212,56433883
"Italy","ITA","1990",29133098,27586142,56719240
"Italy","ITA","2000",29314804,27627304,56942108
"Jamaica","JAM","1960",844500,783752,1628252
"Jamaica","JAM","1970",959107,916274,1875381
"Jamaica","JAM","1980",1094123,1068922,2163045
"Jamaica","JAM","1990",1228894,1195348,2424242
"Jamaica","JAM","2000",1336801,1320063,2656864
"Japan","JPN","1960",46968886,45531686,92500572
"Japan","JPN","1970",52912442,51432558,104345000
"Japan","JPN","1980",59128248,57653752,116782000
"Japan","JPN","1990",62656610,60880390,123537000
"Japan","JPN","2000",64552735,62290265,126843000
"Jordan","JOR","1960",444938,487319,932257
"Jordan","JOR","1970",827456,891457,1718913
"Jordan","JOR","1980",1133772,1240650,2374422
"Jordan","JOR","1990",1695282,1865300,3560582
"Jordan","JOR","2000",2457924,2645206,5103130
"Kazakhstan","KAZ","1960",5037055,4677205,9714260
"Kazakhstan","KAZ","1970",6612069,6145176,12757245
"Kazakhstan","KAZ","1980",7511120,7007804,14518924
"Kazakhstan","KAZ","1990",8411885,7936115,16348000
"Kazakhstan","KAZ","2000",7723769,7159857,14883626
"Kenya","KEN","1960",4040370,4065070,8105440
"Kenya","KEN","1970",5639596,5612896,11252492
"Kenya","KEN","1980",8167708,8101282,16268990
"Kenya","KEN","1990",11753271,11649236,23402507
"Kenya","KEN","2000",15831345,15619138,31450483
"Kiribati","KIR","1960",20887,20346,41233
"Kiribati","KIR","1970",25886,25292,51178
"Kiribati","KIR","1980",30099,29240,59339
"Kiribati","KIR","1990",36591,35821,72412
"Kiribati","KIR","2000",42813,41593,84406
"Korea, Dem. People’s Rep.","PRK","1960",6145006,5279170,11424176
"Korea, Dem. People’s Rep.","PRK","1970",7597108,6813292,14410400
"Korea, Dem. People’s Rep.","PRK","1980",9077912,8394228,17472140
"Korea, Dem. People’s Rep.","PRK","1990",10433806,9859248,20293054
"Korea, Dem. People’s Rep.","PRK","2000",11751348,11177727,22929075
"Korea, Rep.","KOR","1960",12423219,12589155,25012374
"Korea, Rep.","KOR","1970",16049457,16191370,32240827
"Korea, Rep.","KOR","1980",19020941,19102834,38123775
"Korea, Rep.","KOR","1990",21379777,21489506,42869283
"Korea, Rep.","KOR","2000",23422063,23586048,47008111
"Kuwait","KWT","1960",96466,173152,269618
"Kuwait","KWT","1970",325510,421257,746767
"Kuwait","KWT","1980",587278,785040,1372318
"Kuwait","KWT","1990",906582,1193033,2099615
"Kuwait","KWT","2000",852236,1198505,2050741
"Kyrgyz Republic","KGZ","1960",1140195,1032105,2172300
"Kyrgyz Republic","KGZ","1970",1542510,1417390,2959900
"Kyrgyz Republic","KGZ","1980",1858659,1758741,3617400
"Kyrgyz Republic","KGZ","1990",2237570,2153630,4391200
"Kyrgyz Republic","KGZ","2000",2476441,2421959,4898400
"Lao PDR","LAO","1960",1078623,1042273,2120896
"Lao PDR","LAO","1970",1361663,1326765,2688428
"Lao PDR","LAO","1980",1639913,1618231,3258144
"Lao PDR","LAO","1990",2128615,2129857,4258472
"Lao PDR","LAO","2000",2672357,2656947,5329304
"Latvia","LVA","1960",1184927,936052,2120979
"Latvia","LVA","1970",1278970,1080194,2359164
"Latvia","LVA","1980",1354227,1157474,2511701
"Latvia","LVA","1990",1422321,1240830,2663151
"Latvia","LVA","2000",1279609,1087941,2367550
"Lebanon","LBN","1960",897320,907606,1804926
"Lebanon","LBN","1970",1137178,1160211,2297389
"Lebanon","LBN","1980",1313722,1291571,2605293
"Lebanon","LBN","1990",1369995,1333021,2703016
"Lebanon","LBN","2000",1630218,1605148,3235366
"Lesotho","LSO","1960",455326,396265,851591
"Lesotho","LSO","1970",555561,477489,1033050
"Lesotho","LSO","1980",697436,612682,1310118
"Lesotho","LSO","1990",829215,774723,1603938
"Lesotho","LSO","2000",969395,899304,1868699
"Liberia","LBR","1960",552199,568114,1120313
"Liberia","LBR","1970",707664,708865,1416529
"Liberia","LBR","1980",947252,941062,1888314
"Liberia","LBR","1990",1053222,1044010,2097232
"Liberia","LBR","2000",1443101,1441421,2884522
"Libya","LBY","1960",705220,743197,1448417
"Libya","LBY","1970",1033076,1100450,2133526
"Libya","LBY","1980",1533963,1685503,3219466
"Libya","LBY","1990",2097727,2338934,4436661
"Libya","LBY","2000",2575492,2780259,5355751
"Liechtenstein","LIE","1960",NA,NA,16495
"Liechtenstein","LIE","1970",NA,NA,21265
"Liechtenstein","LIE","1980",NA,NA,25866
"Liechtenstein","LIE","1990",NA,NA,28747
"Liechtenstein","LIE","2000",NA,NA,33286
"Lithuania","LTU","1960",1497644,1280906,2778550
"Lithuania","LTU","1970",1666952,1472737,3139689
"Lithuania","LTU","1980",1804307,1608895,3413202
"Lithuania","LTU","1990",1948034,1749804,3697838
"Lithuania","LTU","2000",1861632,1637904,3499536
"Luxembourg","LUX","1960",158903,155067,313970
"Luxembourg","LUX","1970",172979,166192,339171
"Luxembourg","LUX","1980",186393,177757,364150
"Luxembourg","LUX","1990",195016,186834,381850
"Luxembourg","LUX","2000",221417,214883,436300
"Macao SAR, China","MAC","1960",85336,82460,167796
"Macao SAR, China","MAC","1970",119568,126627,246195
"Macao SAR, China","MAC","1980",116099,122019,238118
"Macao SAR, China","MAC","1990",174040,169895,343935
"Macao SAR, China","MAC","2000",222972,205007,427979
"Macedonia, FYR","MKD","1960",735284,753383,1488667
"Macedonia, FYR","MKD","1970",847760,873040,1720800
"Macedonia, FYR","MKD","1980",949105,975092,1924197
"Macedonia, FYR","MKD","1990",992131,1004097,1996228
"Macedonia, FYR","MKD","2000",1015479,1019340,2034819
"Madagascar","MDG","1960",2506566,2592807,5099373
"Madagascar","MDG","1970",3259080,3317225,6576305
"Madagascar","MDG","1980",4345801,4370752,8716553
"Madagascar","MDG","1990",5807510,5791123,11598633
"Madagascar","MDG","2000",7916321,7850485,15766806
"Malawi","MWI","1960",1866754,1751841,3618595
"Malawi","MWI","1970",2365095,2238628,4603723
"Malawi","MWI","1980",3144984,3018096,6163080
"Malawi","MWI","1990",4799890,4637663,9437553
"Malawi","MWI","2000",5765813,5610359,11376172
"Malaysia","MYS","1960",4004495,4152611,8157106
"Malaysia","MYS","1970",5328009,5475969,10803978
"Malaysia","MYS","1980",6822932,6975193,13798125
"Malaysia","MYS","1990",8861157,9177164,18038321
"Malaysia","MYS","2000",11373102,11812506,23185608
"Maldives","MDV","1960",40933,48954,89887
"Maldives","MDV","1970",55922,59846,115768
"Maldives","MDV","1980",75548,82837,158385
"Maldives","MDV","1990",108778,114437,223215
"Maldives","MDV","2000",138430,141954,280384
"Mali","MLI","1960",2602871,2660862,5263733
"Mali","MLI","1970",2971369,2977676,5949045
"Mali","MLI","1980",3558894,3531232,7090126
"Mali","MLI","1990",4285179,4180009,8465188
"Mali","MLI","2000",5527487,5440203,10967690
"Malta","MLT","1960",168487,158063,326550
"Malta","MLT","1970",156024,146626,302650
"Malta","MLT","1980",162365,154280,316645
"Malta","MLT","1990",179152,175018,354170
"Malta","MLT","2000",195708,194379,390087
"Marshall Islands","MHL","1960",NA,NA,14662
"Marshall Islands","MHL","1970",NA,NA,20395
"Marshall Islands","MHL","1980",NA,NA,30576
"Marshall Islands","MHL","1990",NA,NA,47298
"Marshall Islands","MHL","2000",NA,NA,52159
"Mauritania","MRT","1960",433102,425066,858168
"Mauritania","MRT","1970",577025,571883,1148908
"Mauritania","MRT","1980",769806,764279,1534085
"Mauritania","MRT","1990",1017947,1012193,2030140
"Mauritania","MRT","2000",1355233,1354126,2709359
"Mauritius","MUS","1960",330583,328768,659351
"Mauritius","MUS","1970",412740,413260,826000
"Mauritius","MUS","1980",489702,476337,966039
"Mauritius","MUS","1990",530783,527992,1058775
"Mauritius","MUS","2000",598324,588549,1186873
"Mexico","MEX","1960",19156559,19017553,38174112
"Mexico","MEX","1970",26080967,25948894,52029861
"Mexico","MEX","1980",34768819,34592052,69360871
"Mexico","MEX","1990",42907164,42450710,85357874
"Mexico","MEX","2000",51213051,50506622,101719673
"Micronesia, Fed. Sts.","FSM","1960",21596,22941,44537
"Micronesia, Fed. Sts.","FSM","1970",29756,31675,61431
"Micronesia, Fed. Sts.","FSM","1980",35669,37295,72964
"Micronesia, Fed. Sts.","FSM","1990",47058,49273,96331
"Micronesia, Fed. Sts.","FSM","2000",53050,54382,107432
"Moldova","MDA","1960",1353785,1190215,2544000
"Moldova","MDA","1970",1620524,1423476,3044000
"Moldova","MDA","1980",1790254,1605746,3396000
"Moldova","MDA","1990",1934385,1761615,3696000
"Moldova","MDA","2000",1897570,1742022,3639592
"Monaco","MCO","1960",NA,NA,22452
"Monaco","MCO","1970",NA,NA,23484
"Monaco","MCO","1980",NA,NA,26745
"Monaco","MCO","1990",NA,NA,29439
"Monaco","MCO","2000",NA,NA,32082
"Mongolia","MNG","1960",485662,469843,955505
"Mongolia","MNG","1970",648969,629856,1278825
"Mongolia","MNG","1980",856418,833204,1689622
"Mongolia","MNG","1990",1105890,1078255,2184145
"Mongolia","MNG","2000",1201825,1195611,2397436
"Morocco","MAR","1960",6185595,6142937,12328532
"Morocco","MAR","1970",8088208,7911800,16000008
"Morocco","MAR","1980",10062073,9957774,20019847
"Morocco","MAR","1990",12466123,12413013,24879136
"Morocco","MAR","2000",14555639,14293982,28849621
"Mozambique","MOZ","1960",3778323,3610372,7388695
"Mozambique","MOZ","1970",4681333,4480201,9161534
"Mozambique","MOZ","1980",6053591,5794740,11848331
"Mozambique","MOZ","1990",6920003,6327646,13247649
"Mozambique","MOZ","2000",9401481,8666206,18067687
"Myanmar","MMR","1960",10732212,10253911,20986123
"Myanmar","MMR","1970",13524966,12856465,26381431
"Myanmar","MMR","1980",17074396,16295316,33369712
"Myanmar","MMR","1990",20744423,19881827,40626250
"Myanmar","MMR","2000",23575668,22519794,46095462
"Namibia","NAM","1960",305087,297457,602544
"Namibia","NAM","1970",394937,385447,780384
"Namibia","NAM","1980",519505,493167,1012672
"Namibia","NAM","1990",726026,688666,1414692
"Namibia","NAM","2000",970746,928511,1899257
"Nauru","NRU","1960",NA,NA,4433
"Nauru","NRU","1970",NA,NA,6496
"Nauru","NRU","1980",NA,NA,7488
"Nauru","NRU","1990",NA,NA,9155
"Nauru","NRU","2000",NA,NA,10037
"Nepal","NPL","1960",5051327,5011684,10063011
"Nepal","NPL","1970",6033613,5964316,11997929
"Nepal","NPL","1980",7449177,7452986,14902163
"Nepal","NPL","1990",9446026,9303380,18749406
"Nepal","NPL","2000",11934587,11806324,23740911
"Netherlands","NLD","1960",5767220,5719411,11486631
"Netherlands","NLD","1970",6534376,6504150,13038526
"Netherlands","NLD","1980",7123632,7026168,14149800
"Netherlands","NLD","1990",7556295,7395215,14951510
"Netherlands","NLD","2000",8037107,7888406,15925513
"New Caledonia","NCL","1960",37356,41644,79000
"New Caledonia","NCL","1970",53451,58549,112000
"New Caledonia","NCL","1980",67737,72313,140050
"New Caledonia","NCL","1990",83716,87183,170899
"New Caledonia","NCL","2000",105247,107983,213230
"New Zealand","NZL","1960",1179951,1191849,2371800
"New Zealand","NZL","1970",1406305,1404395,2810700
"New Zealand","NZL","1980",1565640,1547260,3112900
"New Zealand","NZL","1990",1690913,1638887,3329800
"New Zealand","NZL","2000",1964351,1893349,3857700
"Nicaragua","NIC","1960",888968,885731,1774699
"Nicaragua","NIC","1970",1198881,1199215,2398096
"Nicaragua","NIC","1980",1623157,1626753,3249910
"Nicaragua","NIC","1990",2089164,2055401,4144565
"Nicaragua","NIC","2000",2539707,2487089,5026796
"Niger","NER","1960",1792287,1596477,3388764
"Niger","NER","1970",2327549,2182930,4510479
"Niger","NER","1980",3043664,2945240,5988904
"Niger","NER","1990",4101584,3911277,8012861
"Niger","NER","2000",5718334,5634639,11352973
"Nigeria","NGA","1960",22607616,22530196,45137812
"Nigeria","NGA","1970",27987753,27993647,55981400
"Nigeria","NGA","1980",36531755,36928969,73460724
"Nigeria","NGA","1990",47341122,47928866,95269988
"Nigeria","NGA","2000",60667140,61684869,122352009
"Northern Mariana Islands","MNP","1960",NA,NA,10035
"Northern Mariana Islands","MNP","1970",NA,NA,13127
"Northern Mariana Islands","MNP","1980",NA,NA,16920
"Northern Mariana Islands","MNP","1990",NA,NA,42538
"Northern Mariana Islands","MNP","2000",NA,NA,69094
"Norway","NOR","1960",1797400,1783839,3581239
"Norway","NOR","1970",1948448,1927315,3875763
"Norway","NOR","1980",2061011,2024609,4085620
"Norway","NOR","1990",2144423,2097050,4241473
"Norway","NOR","2000",2266121,2224846,4490967
"Oman","OMN","1960",278460,273280,551740
"Oman","OMN","1970",368195,355657,723852
"Oman","OMN","1980",545991,608388,1154379
"Oman","OMN","1990",803467,1008693,1812160
"Oman","OMN","2000",994740,1273251,2267991
"Pakistan","PAK","1960",20852045,24056248,44908293
"Pakistan","PAK","1970",27378288,30712471,58090759
"Pakistan","PAK","1980",37229067,40839077,78068144
"Pakistan","PAK","1990",51864231,55814383,107678614
"Pakistan","PAK","2000",67052144,71471141,138523285
"Palau","PLW","1960",NA,NA,9642
"Palau","PLW","1970",NA,NA,11480
"Palau","PLW","1980",NA,NA,12194
"Palau","PLW","1990",NA,NA,15088
"Palau","PLW","2000",NA,NA,19175
"Panama","PAN","1960",554685,578236,1132921
"Panama","PAN","1970",746581,772718,1519299
"Panama","PAN","1980",976230,1002348,1978578
"Panama","PAN","1990",1221992,1249017,2471009
"Panama","PAN","2000",1503316,1527031,3030347
"Papua New Guinea","PNG","1960",971012,1039665,2010677
"Papua New Guinea","PNG","1970",1232972,1294614,2527586
"Papua New Guinea","PNG","1980",1617735,1686738,3304473
"Papua New Guinea","PNG","1990",2119592,2193467,4313059
"Papua New Guinea","PNG","2000",2741051,2831171,5572222
"Paraguay","PRY","1960",965973,936902,1902875
"Paraguay","PRY","1970",1239980,1234126,2474106
"Paraguay","PRY","1980",1576454,1604176,3180630
"Paraguay","PRY","1990",2084091,2129651,4213742
"Paraguay","PRY","2000",2619219,2683481,5302700
"Peru","PER","1960",5004721,5056794,10061515
"Peru","PER","1970",6641178,6699891,13341069
"Peru","PER","1980",8669527,8689593,17359120
"Peru","PER","1990",10920797,10905861,21826658
"Peru","PER","2000",12964040,12950839,25914879
"Philippines","PHL","1960",13050979,13222046,26273025
"Philippines","PHL","1970",17690748,18113981,35804729
"Philippines","PHL","1980",23421187,23975781,47396968
"Philippines","PHL","1990",30654801,31292547,61947348
"Philippines","PHL","2000",38711182,39280387,77991569
"Poland","POL","1960",15302149,14335301,29637450
"Poland","POL","1970",16802991,15861309,32664300
"Poland","POL","1980",18262624,17311526,35574150
"Poland","POL","1990",19552674,18558108,38110782
"Poland","POL","2000",19685018,18573611,38258629
"Portugal","PRT","1960",4619653,4238063,8857716
"Portugal","PRT","1970",4558728,4121703,8680431
"Portugal","PRT","1980",5066211,4700101,9766312
"Portugal","PRT","1990",5173910,4809308,9983218
"Portugal","PRT","2000",5324523,4965375,10289898
"Puerto Rico","PRI","1960",1192451,1165549,2358000
"Puerto Rico","PRI","1970",1386132,1331868,2718000
"Puerto Rico","PRI","1980",1645264,1560736,3206000
"Puerto Rico","PRI","1990",1824091,1712909,3537000
"Puerto Rico","PRI","2000",1976507,1834098,3810605
"Qatar","QAT","1960",20621,26763,47384
"Qatar","QAT","1970",39619,69895,109514
"Qatar","QAT","1980",82780,140995,223775
"Qatar","QAT","1990",157422,319023,476445
"Qatar","QAT","2000",205925,386342,592267
"Romania","ROU","1960",9417994,8988911,18406905
"Romania","ROU","1970",10303251,9947147,20250398
"Romania","ROU","1980",11272481,10970172,22242653
"Romania","ROU","1990",11763970,11437865,23201835
"Romania","ROU","2000",11463790,10979181,22442971
"Russian Federation","RUS","1960",66198094,53698906,119897000
"Russian Federation","RUS","1970",70882259,59521741,130404000
"Russian Federation","RUS","1980",74862692,64147308,139010000
"Russian Federation","RUS","1990",78866031,69425969,148292000
"Russian Federation","RUS","2000",77993457,68603100,146596557
"Rwanda","RWA","1960",1493819,1439609,2933428
"Rwanda","RWA","1970",1911663,1842878,3754541
"Rwanda","RWA","1980",2613256,2527460,5140716
"Rwanda","RWA","1990",3670994,3564804,7235798
"Rwanda","RWA","2000",4110741,3914962,8025703
"Samoa","WSM","1960",53498,55148,108646
"Samoa","WSM","1970",70218,72958,143176
"Samoa","WSM","1980",76005,79552,155557
"Samoa","WSM","1990",77856,85010,162866
"Samoa","WSM","2000",83682,90928,174610
"San Marino","SMR","1960",NA,NA,15397
"San Marino","SMR","1970",NA,NA,19138
"San Marino","SMR","1980",NA,NA,21361
"San Marino","SMR","1990",NA,NA,24043
"San Marino","SMR","2000",NA,NA,27418
"Sao Tome and Principe","STP","1960",28506,35747,64253
"Sao Tome and Principe","STP","1970",37037,37216,74253
"Sao Tome and Principe","STP","1980",48103,46846,94949
"Sao Tome and Principe","STP","1990",57495,56398,113893
"Sao Tome and Principe","STP","2000",69794,68812,138606
"Saudi Arabia","SAU","1960",2034341,2052198,4086539
"Saudi Arabia","SAU","1970",2864805,2971584,5836389
"Saudi Arabia","SAU","1980",4515652,5224947,9740599
"Saudi Arabia","SAU","1990",7181854,9144961,16326815
"Saudi Arabia","SAU","2000",9455087,11309225,20764312
"Senegal","SEN","1960",1613509,1593240,3206749
"Senegal","SEN","1970",2114472,2143033,4257505
"Senegal","SEN","1980",2791902,2800744,5592646
"Senegal","SEN","1990",3794696,3760921,7555617
"Senegal","SEN","2000",5019559,4864493,9884052
"Seychelles","SYC","1960",21288,20412,41700
"Seychelles","SYC","1970",26746,26854,53600
"Seychelles","SYC","1980",31330,31931,63261
"Seychelles","SYC","1990",34838,34669,69507
"Seychelles","SYC","2000",40720,40411,81131
"Sierra Leone","SLE","1960",1177362,1119748,2297110
"Sierra Leone","SLE","1970",1381238,1311021,2692259
"Sierra Leone","SLE","1980",1712582,1652859,3365441
"Sierra Leone","SLE","1990",2182675,2129571,4312246
"Sierra Leone","SLE","2000",2310946,2253351,4564297
"Singapore","SGP","1960",779081,867319,1646400
"Singapore","SGP","1970",1012420,1062080,2074500
"Singapore","SGP","1980",1182585,1231360,2413945
"Singapore","SGP","1990",1514107,1533025,3047132
"Singapore","SGP","2000",2015669,2012218,4027887
"Slovak Republic","SVK","1960",2060059,2008036,4068095
"Slovak Republic","SVK","1970",2299648,2238575,4538223
"Slovak Republic","SVK","1980",2533042,2446773,4979815
"Slovak Republic","SVK","1990",2712638,2586549,5299187
"Slovak Republic","SVK","2000",2772140,2616580,5388720
"Slovenia","SVN","1960",825571,759149,1584720
"Slovenia","SVN","1970",889996,834895,1724891
"Slovenia","SVN","1980",984545,916770,1901315
"Slovenia","SVN","1990",1028316,969845,1998161
"Slovenia","SVN","2000",1017948,970977,1988925
"Solomon Islands","SLB","1960",54627,63239,117866
"Solomon Islands","SLB","1970",76056,84234,160290
"Solomon Islands","SLB","1980",111399,119208,230607
"Solomon Islands","SLB","1990",151627,160213,311840
"Solomon Islands","SLB","2000",200523,212086,412609
"Somalia","SOM","1960",1392302,1363645,2755947
"Somalia","SOM","1970",1741836,1702717,3444553
"Somalia","SOM","1980",3116305,3242821,6359126
"Somalia","SOM","1990",3676152,3721195,7397347
"Somalia","SOM","2000",4495281,4516198,9011479
"South Africa","ZAF","1960",8729079,8727776,17456855
"South Africa","ZAF","1970",11422738,11416713,22839451
"South Africa","ZAF","1980",14961830,14798641,29760471
"South Africa","ZAF","1990",19011720,18548805,37560525
"South Africa","ZAF","2000",23287947,22440368,45728315
"Spain","ESP","1960",15663109,14791891,30455000
"Spain","ESP","1970",17314825,16499706,33814531
"Spain","ESP","1980",19096341,18394824,37491165
"Spain","ESP","1990",19828264,19039058,38867322
"Spain","ESP","2000",20655427,19912437,40567864
"Sri Lanka","LKA","1960",4691268,5183213,9874481
"Sri Lanka","LKA","1970",6056305,6429451,12485756
"Sri Lanka","LKA","1980",7369475,7666381,15035856
"Sri Lanka","LKA","1990",8579700,8750013,17329713
"Sri Lanka","LKA","2000",9413874,9368064,18781938
"St. Kitts and Nevis","KNA","1960",NA,NA,51195
"St. Kitts and Nevis","KNA","1970",NA,NA,44885
"St. Kitts and Nevis","KNA","1980",NA,NA,43210
"St. Kitts and Nevis","KNA","1990",NA,NA,40834
"St. Kitts and Nevis","KNA","2000",NA,NA,45374
"St. Lucia","LCA","1960",46694,43203,89897
"St. Lucia","LCA","1970",54066,50094,104160
"St. Lucia","LCA","1980",60285,57702,117987
"St. Lucia","LCA","1990",70335,67850,138185
"St. Lucia","LCA","2000",80088,76861,156949
"St. Vincent and the Grenadines","VCT","1960",42999,37950,80949
"St. Vincent and the Grenadines","VCT","1970",47668,42784,90452
"St. Vincent and the Grenadines","VCT","1980",51831,48674,100505
"St. Vincent and the Grenadines","VCT","1990",54061,53444,107505
"St. Vincent and the Grenadines","VCT","2000",53567,54331,107898
"Sudan","SDN","1960",3776274,3768217,7544491
"Sudan","SDN","1970",5139458,5142242,10281700
"Sudan","SDN","1980",7240086,7267382,14507468
"Sudan","SDN","1990",10044405,10103185,20147590
"Sudan","SDN","2000",13585671,13664864,27250535
"Suriname","SUR","1960",144973,144993,289966
"Suriname","SUR","1970",185990,185283,371273
"Suriname","SUR","1980",179557,183220,362777
"Suriname","SUR","1990",200523,206949,407472
"Suriname","SUR","2000",234064,238326,472390
"Sweden","SWE","1960",3751458,3733198,7484656
"Sweden","SWE","1970",4027069,4015732,8042801
"Sweden","SWE","1980",4194068,4116463,8310531
"Sweden","SWE","1990",4330900,4227935,8558835
"Sweden","SWE","2000",4484561,4387548,8872109
"Switzerland","CHE","1960",2747113,2580714,5327827
"Switzerland","CHE","1970",3161068,3019809,6180877
"Switzerland","CHE","1980",3245381,3074027,6319408
"Switzerland","CHE","1990",3437551,3277968,6715519
"Switzerland","CHE","2000",3674423,3509827,7184250
"Syrian Arab Republic","SYR","1960",2235647,2337865,4573512
"Syrian Arab Republic","SYR","1970",3132703,3217838,6350541
"Syrian Arab Republic","SYR","1980",4422556,4508218,8930774
"Syrian Arab Republic","SYR","1990",6154287,6291884,12446171
"Syrian Arab Republic","SYR","2000",8109037,8301811,16410848
"Tajikistan","TJK","1960",1071955,1015083,2087038
"Tajikistan","TJK","1970",1494468,1435611,2930079
"Tajikistan","TJK","1980",1979307,1926106,3905413
"Tajikistan","TJK","1990",2664622,2619106,5283728
"Tajikistan","TJK","2000",3102545,3113660,6216205
"Tanzania","TZA","1960",5139484,4935023,10074507
"Tanzania","TZA","1970",6914814,6690715,13605529
"Tanzania","TZA","1980",9461031,9222126,18683157
"Tanzania","TZA","1990",12865633,12593971,25459604
"Tanzania","TZA","2000",17263719,16914323,34178042
"Thailand","THA","1960",13678204,13718971,27397175
"Thailand","THA","1970",18399221,18485692,36884913
"Thailand","THA","1980",23656010,23729313,47385323
"Thailand","THA","1990",28555499,28027322,56582821
"Thailand","THA","2000",31862217,31095804,62958021
"Timor-Leste","TLS","1960",246245,253705,499950
"Timor-Leste","TLS","1970",297812,307313,605125
"Timor-Leste","TLS","1980",289644,297919,587563
"Timor-Leste","TLS","1990",371446,380487,751933
"Timor-Leste","TLS","2000",429593,442014,871607
"Togo","TGO","1960",801728,778785,1580513
"Togo","TGO","1970",1071577,1043945,2115522
"Togo","TGO","1980",1376863,1343976,2720839
"Togo","TGO","1990",1918886,1868054,3786940
"Togo","TGO","2000",2505442,2464925,4970367
"Tonga","TON","1960",30330,31271,61601
"Tonga","TON","1970",41169,43200,84369
"Tonga","TON","1980",45640,47367,93007
"Tonga","TON","1990",46906,48247,95153
"Tonga","TON","2000",48197,49885,98082
"Trinidad and Tobago","TTO","1960",422708,425771,848479
"Trinidad and Tobago","TTO","1970",476402,469591,945993
"Trinidad and Tobago","TTO","1980",546009,539299,1085308
"Trinidad and Tobago","TTO","1990",613284,608616,1221900
"Trinidad and Tobago","TTO","2000",637372,630612,1267984
"Tunisia","TUN","1960",2094079,2082187,4176266
"Tunisia","TUN","1970",2522580,2537817,5060397
"Tunisia","TUN","1980",3167303,3200864,6368167
"Tunisia","TUN","1990",4093350,4139447,8232797
"Tunisia","TUN","2000",4833197,4866000,9699197
"Turkey","TUR","1960",13779698,13692633,27472331
"Turkey","TUR","1970",17552464,17323803,34876267
"Turkey","TUR","1980",22160620,21815301,43975921
"Turkey","TUR","1990",27291457,26630242,53921699
"Turkey","TUR","2000",32096108,31144013,63240121
"Turkmenistan","TKM","1960",821502,781756,1603258
"Turkmenistan","TKM","1970",1121464,1073709,2195173
"Turkmenistan","TKM","1980",1468346,1408462,2876808
"Turkmenistan","TKM","1990",1873498,1810468,3683966
"Turkmenistan","TKM","2000",2293297,2222834,4516131
"Turks and Caicos Islands","TCA","1960",NA,NA,5726
"Turks and Caicos Islands","TCA","1970",NA,NA,5633
"Turks and Caicos Islands","TCA","1980",NA,NA,7519
"Turks and Caicos Islands","TCA","1990",NA,NA,11552
"Turks and Caicos Islands","TCA","2000",NA,NA,18873
"Tuvalu","TUV","1960",NA,NA,6104
"Tuvalu","TUV","1970",NA,NA,7303
"Tuvalu","TUV","1980",NA,NA,8052
"Tuvalu","TUV","1990",NA,NA,9003
"Tuvalu","TUV","2000",NA,NA,9420
"Uganda","UGA","1960",3413918,3374296,6788214
"Uganda","UGA","1970",4750847,4695217,9446064
"Uganda","UGA","1980",6306305,6243235,12549540
"Uganda","UGA","1990",8781444,8657463,17438907
"Uganda","UGA","2000",12155009,11884265,24039274
"Ukraine","UKR","1960",23630204,19031945,42662149
"Ukraine","UKR","1970",25675618,21411143,47086761
"Ukraine","UKR","1980",27020210,22948602,49968812
"Ukraine","UKR","1990",27759807,24132193,51892000
"Ukraine","UKR","2000",26285392,22890456,49175848
"United Arab Emirates","ARE","1960",46279,46355,92634
"United Arab Emirates","ARE","1970",86423,149076,235499
"United Arab Emirates","ARE","1980",316877,725507,1042384
"United Arab Emirates","ARE","1990",639611,1220563,1860174
"United Arab Emirates","ARE","2000",1025573,2129352,3154925
"United Kingdom","GBR","1960",27095934,25304066,52400000
"United Kingdom","GBR","1970",28651921,27011329,55663250
"United Kingdom","GBR","1980",28919124,27395092,56314216
"United Kingdom","GBR","1990",29425515,27822071,57247586
"United Kingdom","GBR","2000",30198618,28693896,58892514
"United States","USA","1960",91167688,89503312,180671000
"United States","USA","1970",104076122,100975878,205052000
"United States","USA","1980",115822943,111402057,227225000
"United States","USA","1990",127314146,122308854,249623000
"United States","USA","2000",143190463,138971948,282162411
"Uruguay","URY","1960",1268385,1270266,2538651
"Uruguay","URY","1970",1413216,1396587,2809803
"Uruguay","URY","1980",1485534,1430244,2915778
"Uruguay","URY","1990",1601492,1508497,3109989
"Uruguay","URY","2000",1713809,1607436,3321245
"Uzbekistan","UZB","1960",4443584,4105909,8549493
"Uzbekistan","UZB","1970",6219431,5890597,12110028
"Uzbekistan","UZB","1980",8106203,7833541,15939744
"Uzbekistan","UZB","1990",10363225,10146775,20510000
"Uzbekistan","UZB","2000",12392126,12258274,24650400
"Vanuatu","VUT","1960",30822,32877,63699
"Vanuatu","VUT","1970",40192,45197,85389
"Vanuatu","VUT","1980",54586,61046,115632
"Vanuatu","VUT","1990",71224,75410,146634
"Vanuatu","VUT","2000",90421,94642,185063
"Venezuela, RB","VEN","1960",3994930,4151917,8146847
"Venezuela, RB","VEN","1970",5704565,5883196,11587761
"Venezuela, RB","VEN","1980",7588268,7755648,15343916
"Venezuela, RB","VEN","1990",9854286,10007670,19861956
"Venezuela, RB","VEN","2000",12194217,12294123,24488340
"Vietnam","VNM","1960",16554502,16116127,32670629
"Vietnam","VNM","1970",22011010,21396277,43407287
"Vietnam","VNM","1980",27656756,26715758,54372514
"Vietnam","VNM","1990",34625677,33583928,68209605
"Vietnam","VNM","2000",40734157,39551405,80285562
"Virgin Islands (U.S.)","VIR","1960",16388,16112,32500
"Virgin Islands (U.S.)","VIR","1970",31749,31727,63476
"Virgin Islands (U.S.)","VIR","1980",51547,48089,99636
"Virgin Islands (U.S.)","VIR","1990",53200,50763,103963
"Virgin Islands (U.S.)","VIR","2000",56183,52459,108642
"West Bank and Gaza","PSE","1990",977097,1001151,1978248
"West Bank and Gaza","PSE","2000",1440710,1481443,2922153
"Yemen, Rep.","YEM","1960",2583152,2588983,5172135
"Yemen, Rep.","YEM","1970",3141564,3052246,6193810
"Yemen, Rep.","YEM","1980",4146795,3973702,8120497
"Yemen, Rep.","YEM","1990",6084551,5972488,12057039
"Yemen, Rep.","YEM","2000",8834049,9040676,17874725
"Zambia","ZMB","1960",1532453,1512393,3044846
"Zambia","ZMB","1970",2100093,2073835,4173928
"Zambia","ZMB","1980",2962630,2926600,5889230
"Zambia","ZMB","1990",4048769,3978484,8027253
"Zambia","ZMB","2000",5323084,5208137,10531221
"Zimbabwe","ZWE","1960",1879029,1868340,3747369
"Zimbabwe","ZWE","1970",2596983,2578635,5175618
"Zimbabwe","ZWE","1980",3608497,3555675,7164172
"Zimbabwe","ZWE","1990",5129207,5053906,10183113
"Zimbabwe","ZWE","2000",6215453,6006798,12222251
